{"count":1,"self":20.8395792,"total":21.019381799999998,"children":{"InitializeActuators":{"count":24,"self":0.0014885999999999999,"total":0.0014885999999999999,"children":null},"InitializeSensors":{"count":24,"self":0.0029763999999999997,"total":0.0029763999999999997,"children":null},"AgentSendState":{"count":1037,"self":0.0177745,"total":0.024353299999999998,"children":{"CollectObservations":{"count":1464,"self":0.0034787,"total":0.0034787,"children":null},"WriteActionMask":{"count":1464,"self":0.0013036999999999999,"total":0.0013036999999999999,"children":null},"RequestDecision":{"count":1464,"self":0.0017963999999999999,"total":0.0017963999999999999,"children":null}}},"DecideAction":{"count":1037,"self":0.1318358,"total":0.1351891,"children":{"RayPerceptionSensor.Perceive":{"count":1464,"self":0.0033533,"total":0.0033533,"children":null}}},"AgentAct":{"count":1037,"self":0.014802,"total":0.014802,"children":null}},"gauges":{},"metadata":{"timer_format_version":"0.1.0","start_time_seconds":"1655962800","unity_version":"2021.1.24f1","command_line_arguments":"C:\\Users\\George\\Documents\\Unity Projects\\MLUnity\\TestBuild\\MLUnity.exe","communication_protocol_version":"1.5.0","com.unity.ml-agents_version":"2.2.1-exp.1","scene_name":"MainMenu","end_time_seconds":"1655962820"}}