{"cameraMode":{"drawMode":0,"name":"Shaded","section":"Shading Mode"},"sceneLighting":false,"audioPlay":false,"sceneViewState":{"m_AlwaysRefresh":false,"showFog":true,"showSkybox":false,"showFlares":true,"showImageEffects":true,"showParticleSystems":true,"showVisualEffectGraphs":true,"m_FxEnabled":true},"in2DMode":false,"pivot":{"x":499.4302673339844,"y":462.9273376464844,"z":46.91497802734375},"rotation":{"x":0.05397174879908562,"y":0.00808967836201191,"z":-0.0004387699591461569,"w":0.9985030293464661},"size":528.8695068359375,"orthographic":false}